Unnamed: 0.1,Unnamed: 0,Name,Roll,10-04-2025,10-05-2025,16-05-2025
0,0,David,1.0,P,A,A
1,1,John,2.0,P,A,P
2,2,Paul,3.0,P,A,A
3,3,Mark,4.0,P,A,P
4,4,James,5.0,P,A,P
5,5,Andrew,6.0,A,P,A
6,6,Scott,7.0,A,A,A
7,7,Steven,8.0,A,A,P
8,8,Robert,9.0,A,P,A
9,9,Stephen,10.0,A,A,A
10,10,William,11.0,A,A,A
11,11,Craig,12.0,A,A,A
12,12,Michael,13.0,A,A,A
13,13,Stuart,14.0,A,A,A
14,14,Christopher,15.0,A,A,A
15,15,Alan,16.0,A,A,A
16,16,Colin,17.0,A,A,A
17,17,Brian,18.0,A,A,A
18,18,Kevin,19.0,A,A,A
19,19,Gary,20.0,A,A,A
20,20,Richard,21.0,A,A,A
21,21,Derek,22.0,A,A,A
22,22,Martin,23.0,A,A,A
23,23,Thomas,24.0,A,A,A
24,24,Neil,25.0,A,A,A
25,25,Barry,26.0,A,A,A
26,26,Ian,27.0,A,A,A
27,27,Jason,28.0,A,A,A
28,28,Iain,29.0,A,A,A
29,29,Gordon,30.0,A,A,A
30,30,Alexander,31.0,A,A,A
31,31,Graeme,32.0,A,A,A
32,32,Peter,33.0,A,A,A
33,33,Darren,34.0,A,A,A
34,34,Graham,35.0,A,A,A
35,35,George,36.0,A,A,A
36,36,Kenneth,37.0,A,A,A
37,37,Allan,38.0,A,A,A
38,38,Simon,39.0,A,A,A
39,39,Douglas,40.0,A,A,A
40,40,Keith,41.0,A,A,A
41,41,Lee,42.0,A,A,A
42,42,Anthony,43.0,A,A,A
43,43,Grant,44.0,A,A,A
44,44,Ross,45.0,A,A,A
45,45,Jonathan,46.0,A,A,A
46,46,Gavin,47.0,A,A,A
47,47,Nicholas,48.0,A,A,A
48,48,Joseph,49.0,A,A,A
49,49,Stewart,50.0,A,A,A
50,50,Daniel,51.0,A,A,A
51,51,Edward,52.0,A,A,A
52,52,Matthew,53.0,A,A,A
53,53,Donald,54.0,A,A,A
54,54,Fraser,55.0,A,A,A
55,55,Garry,56.0,A,A,A
56,56,Malcolm,57.0,A,A,A
57,57,Charles,58.0,A,A,A
58,58,Duncan,59.0,A,A,A
59,59,Alistair,60.0,A,A,A
60,60,Raymond,61.0,A,A,A
61,61,Philip,62.0,A,A,A
62,62,Ronald,63.0,A,A,A
63,63,Ewan,64.0,A,A,A
64,64,Ryan,65.0,A,A,A
65,65,Francis,66.0,A,A,A
66,66,Bruce,67.0,A,A,A
67,67,Patrick,68.0,A,A,A
68,68,Alastair,69.0,A,A,A
69,69,Bryan,70.0,A,A,A
70,70,Marc,71.0,A,A,A
71,71,Jamie,72.0,A,A,A
72,72,Hugh,73.0,A,A,A
73,73,Euan,74.0,A,A,A
74,74,Gerard,75.0,A,A,A
75,75,Sean,76.0,A,A,A
76,76,Wayne,77.0,A,A,A
77,77,Adam,78.0,A,A,A
78,78,Calum,79.0,A,A,A
79,79,Alasdair,80.0,A,A,A
80,80,Robin,81.0,A,A,A
81,81,Greig,82.0,A,A,A
82,82,Angus,83.0,A,A,A
83,83,Russell,84.0,A,A,A
84,84,Cameron,85.0,A,A,A
85,85,Roderick,86.0,A,A,A
86,86,Norman,87.0,A,A,A
87,87,Murray,88.0,A,A,A
88,88,Gareth,89.0,A,A,A
89,89,Dean,90.0,A,A,A
90,90,Eric,91.0,A,A,A
91,91,Adrian,92.0,A,A,A
92,92,Gregor,93.0,A,A,A
93,93,Samuel,94.0,A,A,A
94,94,Gerald,95.0,A,A,A
95,95,Henry,96.0,A,A,A
96,96,Justin,97.0,A,A,A
97,97,Benjamin,98.0,A,A,A
98,98,Shaun,99.0,A,A,A
99,99,Callum,100.0,A,A,A
100,100,Campbell,101.0,A,A,A
101,101,Frank,102.0,A,A,A
102,102,Roy,103.0,A,A,A
103,103,Timothy,104.0,A,A,A
104,104,Glen,105.0,A,A,A
105,105,Marcus,106.0,A,A,A
106,106,Hamish,107.0,A,A,A
107,107,Niall,108.0,A,A,A
108,108,Barrie,109.0,A,A,A
109,109,Liam,110.0,A,A,A
110,110,Brendan,111.0,A,A,A
111,111,Terence,112.0,A,A,A
112,112,Greg,113.0,A,A,A
113,113,Leslie,114.0,A,A,A
114,114,Lindsay,115.0,A,A,A
115,115,Trevor,116.0,A,A,A
116,116,Vincent,117.0,A,A,A
117,117,Christian,118.0,A,A,A
118,118,Lewis,119.0,A,A,A
119,119,Rory,120.0,A,A,A
120,120,Antony,121.0,A,A,A
121,121,Fergus,122.0,A,A,A
122,122,Roger,123.0,A,A,A
123,123,Arthur,124.0,A,A,A
124,124,Dominic,125.0,A,A,A
125,125,Ewen,126.0,A,A,A
126,126,Jon,127.0,A,A,A
127,127,Owen,128.0,A,A,A
128,128,Gregory,129.0,A,A,A
129,129,Jeffrey,130.0,A,A,A
130,130,Terry,131.0,A,A,A
131,131,Damian,132.0,A,A,A
132,132,Geoffrey,133.0,A,A,A
133,133,Harry,134.0,A,A,A
134,134,Walter,135.0,A,A,A
135,135,Bernard,136.0,A,A,A
136,136,Desmond,137.0,A,A,A
137,137,Jack,138.0,A,A,A
138,138,Aaron,139.0,A,A,A
139,139,Archibald,140.0,A,A,A
140,140,Blair,141.0,A,A,A
141,141,Jeremy,142.0,A,A,A
142,142,Nathan,143.0,A,A,A
143,143,Alister,144.0,A,A,A
144,144,Dale,145.0,A,A,A
145,145,Dylan,146.0,A,A,A
146,146,Glenn,147.0,A,A,A
147,147,Julian,148.0,A,A,A
148,148,Leon,149.0,A,A,A
149,149,Allen,150.0,A,A,A
150,150,Martyn,151.0,A,A,A
151,151,Nigel,152.0,A,A,A
152,152,Alisdair,153.0,A,A,A
153,153,Denis,154.0,A,A,A
154,154,Drew,155.0,A,A,A
155,155,Evan,156.0,A,A,A
156,156,Phillip,157.0,A,A,A
157,157,Frazer,158.0,A,A,A
158,158,Guy,159.0,A,A,A
159,159,Laurence,160.0,A,A,A
160,160,Lawrence,161.0,A,A,A
161,161,Magnus,162.0,A,A,A
162,162,Crawford,163.0,A,A,A
163,163,Finlay,164.0,A,A,A
164,164,Frederick,165.0,A,A,A
165,165,Gregg,166.0,A,A,A
166,166,Karl,167.0,A,A,A
167,167,Kerr,168.0,A,A,A
168,168,Mohammed,169.0,A,A,A
169,169,Rodney,170.0,A,A,A
170,170,Victor,171.0,A,A,A
171,171,Carl,172.0,A,A,A
172,172,Daryl,173.0,A,A,A
173,173,Don,174.0,A,A,A
174,174,Edwin,175.0,A,A,A
175,175,Erik,176.0,A,A,A
176,176,Grahame,177.0,A,A,A
177,177,Ivan,178.0,A,A,A
178,178,Kyle,179.0,A,A,A
179,179,Leigh,180.0,A,A,A
180,180,Lorne,181.0,A,A,A
181,181,Maurice,182.0,A,A,A
182,182,Murdo,183.0,A,A,A
183,183,Nicolas,184.0,A,A,A
184,184,Steve,185.0,A,A,A
185,185,Allister,186.0,A,A,A
186,186,Clark,187.0,A,A,A
187,187,Darran,188.0,A,A,A
188,188,Dennis,189.0,A,A,A
189,189,Elliot,190.0,A,A,A
190,190,Leonard,191.0,A,A,A
191,191,Nairn,192.0,A,A,A
192,192,Scot,193.0,A,A,A
193,193,Stefan,194.0,A,A,A
194,194,Toby,195.0,A,A,A
195,195,Warren,196.0,A,A,A
196,196,Billy,197.0,A,A,A
197,197,Clive,198.0,A,A,A
198,198,Damien,199.0,A,A,A
199,199,Louis,200.0,A,A,A
200,200,Mohammad,201.0,A,A,A
201,201,Neill,202.0,A,A,A
202,202,Noel,203.0,A,A,A
203,203,Ralph,204.0,A,A,A
204,204,Sandy,205.0,A,A,A
205,205,Albert,206.0,A,A,A
206,206,Alun,207.0,A,A,A
207,207,Brett,208.0,A,A,A
208,208,Clifford,209.0,A,A,A
209,209,Eoin,210.0,A,A,A
210,210,Glyn,211.0,A,A,A
211,211,Imran,212.0,A,A,A
212,212,Ivor,213.0,A,A,A
213,213,Johnathan,214.0,A,A,A
214,214,Kevan,215.0,A,A,A
215,215,Neal,216.0,A,A,A
216,216,Oliver,217.0,A,A,A
217,217,Robbie,218.0,A,A,A
218,218,Roland,219.0,A,A,A
219,219,Stanley,220.0,A,A,A
220,220,Aidan,221.0,A,A,A
221,221,Antonio,222.0,A,A,A
222,222,Austin,223.0,A,A,A
223,223,Bradley,224.0,A,A,A
224,224,Cornelius,225.0,A,A,A
225,225,Darrin,226.0,A,A,A
226,226,Derrick,227.0,A,A,A
227,227,Innes,228.0,A,A,A
228,228,Kristian,229.0,A,A,A
229,229,Lachlan,230.0,A,A,A
230,230,Mathew,231.0,A,A,A
231,231,Moray,232.0,A,A,A
232,232,Nicol,233.0,A,A,A
233,233,Shane,234.0,A,A,A
234,234,Tony,235.0,A,A,A
235,235,Brent,236.0,A,A,A
236,236,Findlay,237.0,A,A,A
237,237,Forbes,238.0,A,A,A
238,238,Gilbert,239.0,A,A,A
239,239,Giles,240.0,A,A,A
240,240,Jay,241.0,A,A,A
241,241,Kelvin,242.0,A,A,A
242,242,Leighton,243.0,A,A,A
243,243,Marco,244.0,A,A,A
244,244,Omar,245.0,A,A,A
245,245,Roddy,246.0,A,A,A
246,246,Tom,247.0,A,A,A
247,247,Abdul,248.0,A,A,A
248,248,Alfred,249.0,A,A,A
249,249,Alick,250.0,A,A,A
250,250,Ashley,251.0,A,A,A
251,251,Bryce,252.0,A,A,A
252,252,Conrad,253.0,A,A,A
253,253,Darryl,254.0,A,A,A
254,254,Eugene,255.0,A,A,A
255,255,Harold,256.0,A,A,A
256,256,Harvey,257.0,A,A,A
257,257,Hector,258.0,A,A,A
258,258,Jody,259.0,A,A,A
259,259,Kieran,260.0,A,A,A
260,260,Kirk,261.0,A,A,A
261,261,Kris,262.0,A,A,A
262,262,Marshall,263.0,A,A,A
263,263,Muhammad,264.0,A,A,A
264,264,Ramsay,265.0,A,A,A
265,265,Ray,266.0,A,A,A
266,266,Rodger,267.0,A,A,A
267,267,Seumas,268.0,A,A,A
268,268,Tommy,269.0,A,A,A
269,269,Wai,270.0,A,A,A
270,270,Alex,271.0,A,A,A
271,271,Ali,272.0,A,A,A
272,272,Andrea,273.0,A,A,A
273,273,Archie,274.0,A,A,A
274,274,Daren,275.0,A,A,A
275,275,Derick,276.0,A,A,A
276,276,Gideon,277.0,A,A,A
277,277,Jan,278.0,A,A,A
278,278,Juan,279.0,A,A,A
279,279,Kerry,280.0,A,A,A
280,280,Kieron,281.0,A,A,A
281,281,Luke,282.0,A,A,A
282,282,Lyall,283.0,A,A,A
283,283,Manus,284.0,A,A,A
284,284,Marvin,285.0,A,A,A
285,285,Morgan,286.0,A,A,A
286,286,Muir,287.0,A,A,A
287,287,Myles,288.0,A,A,A
288,288,Ronnie,289.0,A,A,A
289,289,Rowan,290.0,A,A,A
290,290,Rupert,291.0,A,A,A
291,291,Spencer,292.0,A,A,A
292,292,Stephan,293.0,A,A,A
293,293,Struan,294.0,A,A,A
294,294,Torquil,295.0,A,A,A
295,295,Wallace,296.0,A,A,A
296,296,Aftab,297.0,A,A,A
297,297,Alain,298.0,A,A,A
298,298,Alec,299.0,A,A,A
299,299,Alvin,300.0,A,A,A
300,300,Anton,301.0,A,A,A
301,301,Arran,302.0,A,A,A
302,302,Arron,303.0,A,A,A
303,303,Austen,304.0,A,A,A
304,304,Aynsley,305.0,A,A,A
305,305,Benedict,306.0,A,A,A
306,306,Chad,307.0,A,A,A
307,307,Chun,308.0,A,A,A
308,308,Clarke,309.0,A,A,A
309,309,Damon,310.0,A,A,A
310,310,Danny,311.0,A,A,A
311,311,Darron,312.0,A,A,A
312,312,Declan,313.0,A,A,A
313,313,Deryck,314.0,A,A,A
314,314,Edmond,315.0,A,A,A
315,315,Edmund,316.0,A,A,A
316,316,Jacob,317.0,A,A,A
317,317,Johnston,318.0,A,A,A
318,318,Keiron,319.0,A,A,A
319,319,Kennedy,320.0,A,A,A
320,320,Khalil,321.0,A,A,A
321,321,Kristofer,322.0,A,A,A
322,322,Laurie,323.0,A,A,A
323,323,Lloyd,324.0,A,A,A
324,324,Mario,325.0,A,A,A
325,325,Max,326.0,A,A,A
326,326,Maxwell,327.0,A,A,A
327,327,Mitchell,328.0,A,A,A
328,328,Morris,329.0,A,A,A
329,329,Nathaniel,330.0,A,A,A
330,330,Naveed,331.0,A,A,A
331,331,Neville,332.0,A,A,A
332,332,Nickolas,333.0,A,A,A
333,333,Piers,334.0,A,A,A
334,334,Quentin,335.0,A,A,A
335,335,Rennie,336.0,A,A,A
336,336,Reuben,337.0,A,A,A
337,337,Riccardo,338.0,A,A,A
338,338,Roberto,339.0,A,A,A
339,339,Ruaraidh,340.0,A,A,A
340,340,Ruaridh,341.0,A,A,A
341,341,Stefano,342.0,A,A,A
342,342,Symon,343.0,A,A,A
343,343,Tobias,344.0,A,A,A
344,344,Todd,345.0,A,A,A
345,345,Abid,346.0,A,A,A
346,346,Adnan,347.0,A,A,A
347,347,Aeneas,348.0,A,A,A
348,348,Aiden,349.0,A,A,A
349,349,Ainslie,350.0,A,A,A
350,350,Ajay,351.0,A,A,A
351,351,Alessandro,352.0,A,A,A
352,352,Alyn,353.0,A,A,A
353,353,Anderson,354.0,A,A,A
354,354,Andre,355.0,A,A,A
355,355,Ashok,356.0,A,A,A
356,356,Asif,357.0,A,A,A
357,357,Atholl,358.0,A,A,A
358,358,Bjorn,359.0,A,A,A
359,359,Brandon,360.0,A,A,A
360,360,Brydon,361.0,A,A,A
361,361,Bryn,362.0,A,A,A
362,362,Caine,363.0,A,A,A
363,363,Calvin,364.0,A,A,A
364,364,Carlo,365.0,A,A,A
365,365,Ceri,366.0,A,A,A
366,366,Chris,367.0,A,A,A
367,367,Christien,368.0,A,A,A
368,368,Claudio,369.0,A,A,A
369,369,Clayton,370.0,A,A,A
370,370,Clint,371.0,A,A,A
371,371,Connell,372.0,A,A,A
372,372,Cyril,373.0,A,A,A
373,373,Damion,374.0,A,A,A
374,374,Darin,375.0,A,A,A
375,375,Dario,376.0,A,A,A
376,376,Darroch,377.0,A,A,A
377,377,Deryk,378.0,A,A,A
378,378,Dirk,379.0,A,A,A
379,379,Donovan,380.0,A,A,A
380,380,Dustin,381.0,A,A,A
381,381,Eamonn,382.0,A,A,A
382,382,Edgar,383.0,A,A,A
383,383,Elliott,384.0,A,A,A
384,384,Elton,385.0,A,A,A
385,385,Emlyn,386.0,A,A,A
386,386,Eoghan,387.0,A,A,A
387,387,Erlend,388.0,A,A,A
388,388,Farooq,389.0,A,A,A
389,389,Garth,390.0,A,A,A
390,390,Geoff,391.0,A,A,A
391,391,Gerrard,392.0,A,A,A
392,392,Gerry,393.0,A,A,A
393,393,Giancarlo,394.0,A,A,A
394,394,Gidon,395.0,A,A,A
395,395,Grierson,396.0,A,A,A
396,396,Hamilton,397.0,A,A,A
397,397,Hans,398.0,A,A,A
398,398,Hendry,399.0,A,A,A
399,399,Howard,400.0,A,A,A
400,400,Irvine,401.0,A,A,A
401,401,Jaimie,402.0,A,A,A
402,402,Jarad,403.0,A,A,A
403,403,Jayson,404.0,A,A,A
404,404,Jean,405.0,A,A,A
405,405,Jeff,406.0,A,A,A
406,406,Jerome,407.0,A,A,A
407,407,Joel,408.0,A,A,A
408,408,Jude,409.0,A,A,A
409,409,Kane,410.0,A,A,A
410,410,Karan,411.0,A,A,A
411,411,Karim,412.0,A,A,A
412,412,Kashif,413.0,A,A,A
413,413,Keiran,414.0,A,A,A
414,414,Kendon,415.0,A,A,A
415,415,Kent,416.0,A,A,A
416,416,Kwok,417.0,A,A,A
417,417,Laith,418.0,A,A,A
418,418,Lauchlan,419.0,A,A,A
419,419,Leo,420.0,A,A,A
420,420,Leyton,421.0,A,A,A
421,421,Lindsey,422.0,A,A,A
422,422,Logan,423.0,A,A,A
423,423,Lorn,424.0,A,A,A
424,424,Lyle,425.0,A,A,A
425,425,Mason,426.0,A,A,A
426,426,Mervyn,427.0,A,A,A
427,427,Michel,428.0,A,A,A
428,428,Mubarak,429.0,A,A,A
429,429,Mungo,430.0,A,A,A
430,430,Murdoch,431.0,A,A,A
431,431,Nathanael,432.0,A,A,A
432,432,Neall,433.0,A,A,A
433,433,Nickie,434.0,A,A,A
434,434,Nicky,435.0,A,A,A
435,435,Nikki,436.0,A,A,A
436,436,Nikolas,437.0,A,A,A
437,437,Paolo,438.0,A,A,A
438,438,Perry,439.0,A,A,A
439,439,Ranald,440.0,A,A,A
440,440,Rehan,441.0,A,A,A
441,441,Ricky,442.0,A,A,A
442,442,Rikki,443.0,A,A,A
443,443,Ritchie,444.0,A,A,A
444,444,Rizwan,445.0,A,A,A
445,445,Robertson,446.0,A,A,A
446,446,Roderic,447.0,A,A,A
447,447,Rolf,448.0,A,A,A
448,448,Ronan,449.0,A,A,A
449,449,Rowland,450.0,A,A,A
450,450,Sam,451.0,A,A,A
451,451,Scotland,452.0,A,A,A
452,452,Seth,453.0,A,A,A
453,453,Shahid,454.0,A,A,A
454,454,Shakeel,455.0,A,A,A
455,455,Sidney,456.0,A,A,A
456,456,Sinclair,457.0,A,A,A
457,457,Sonny,458.0,A,A,A
458,458,Taylor,459.0,A,A,A
459,459,Tin,460.0,A,A,A
460,460,Tomas,461.0,A,A,A
461,461,Travis,462.0,A,A,A
462,462,Tristan,463.0,A,A,A
463,463,Vernon,464.0,A,A,A
464,464,Vince,465.0,A,A,A
465,465,Waheed,466.0,A,A,A
466,466,Waseem,467.0,A,A,A
467,467,Wei,468.0,A,A,A
468,468,Wilson,469.0,A,A,A
469,469,Yan,470.0,A,A,A
470,470,Zak,471.0,A,A,A
471,471,Aamir,472.0,A,A,A
472,472,Abdullahi,473.0,A,A,A
473,473,Abdulrazak,474.0,A,A,A
474,474,Abraham,475.0,A,A,A
475,475,Adebayo,476.0,A,A,A
476,476,Adel,477.0,A,A,A
477,477,Adrain,478.0,A,A,A
478,478,Adriano,479.0,A,A,A
479,479,Ahmad,480.0,A,A,A
480,480,Ahmed,481.0,A,A,A
481,481,Aidon,482.0,A,A,A
482,482,Ajeet,483.0,A,A,A
483,483,Al-Motamid,484.0,A,A,A
484,484,Alaistair,485.0,A,A,A
485,485,Alberto,486.0,A,A,A
486,486,Aldo,487.0,A,A,A
487,487,Aldous,488.0,A,A,A
488,488,Alen,489.0,A,A,A
489,489,Alexandre,490.0,A,A,A
490,490,Alfredo,491.0,A,A,A
491,491,Alisteir,492.0,A,A,A
492,492,Allon,493.0,A,A,A
493,493,Alton,494.0,A,A,A
494,494,Alwyn,495.0,A,A,A
495,495,Aman,496.0,A,A,A
496,496,Amanda,497.0,A,A,A
497,497,Amato,498.0,A,A,A
498,498,Amir,499.0,A,A,A
499,499,Amit,500.0,A,A,A
500,500,Amitabha,501.0,A,A,A
501,501,Amos,502.0,A,A,A
502,502,Anand,503.0,A,A,A
503,503,Anant,504.0,A,A,A
504,504,Anastasi,505.0,A,A,A
505,505,Anastasio,506.0,A,A,A
506,506,Anastasios,507.0,A,A,A
507,507,Andres,508.0,A,A,A
508,508,Angel,509.0,A,A,A
509,509,Angelo,510.0,A,A,A
510,510,Anil,511.0,A,A,A
511,511,Anjam,512.0,A,A,A
512,512,Anjum,513.0,A,A,A
513,513,Ann,514.0,A,A,A
514,514,Antonius,515.0,A,A,A
515,515,Anwar,516.0,A,A,A
516,516,Aonghas,517.0,A,A,A
517,517,Aonghus,518.0,A,A,A
518,518,Aqif,519.0,A,A,A
519,519,Ardene,520.0,A,A,A
520,520,Ardle,521.0,A,A,A
521,521,Ari,522.0,A,A,A
522,522,Arif,523.0,A,A,A
523,523,Arlyn,524.0,A,A,A
1,David,2025-04-10,,,A,A
2,John,2025-04-10,,,A,A
3,Paul,2025-04-10,,,A,A
4,Mark,2025-04-10,,,A,A
5,James,2025-04-10,,,A,A
6,Andrew,2025-05-10,,,,A
9,Robert,2025-05-10,,,,A
2,John,2025-05-16,,,,
4,Mark,2025-05-16,,,,
5,James,2025-05-16,,,,
8,Steven,2025-05-16,,,,
