Student Name,ID,Status,Timestamp
Mark,4,Present,2025-03-16 14:18:39
Mark,4,Present,2025-03-16 14:18:40
Mark,4,Present,2025-03-16 14:18:40
Mark,4,Present,2025-03-16 14:18:40
Mark,4,Present,2025-03-16 14:18:40
Mark,4,Present,2025-03-16 14:18:40
Mark,4,Present,2025-03-16 14:18:40
Mark,4,Present,2025-03-16 14:18:40
Mark,4,Present,2025-03-16 14:18:40
Mark,4,Present,2025-03-16 14:18:40
Mark,4,Present,2025-03-16 14:18:40
Mark,4,Present,2025-03-16 14:18:40
Mark,4,Present,2025-03-16 14:18:40
Mark,4,Present,2025-03-16 14:18:41
Mark,4,Present,2025-03-16 14:18:41
Mark,4,Present,2025-03-16 14:18:41
Mark,4,Present,2025-03-16 14:18:41
Mark,4,Present,2025-03-16 14:18:41
Mark,4,Present,2025-03-16 14:18:41
Mark,4,Present,2025-03-16 14:18:41
Mark,4,Present,2025-03-16 14:18:41
Mark,4,Present,2025-03-16 14:18:41
Mark,4,Present,2025-03-16 14:18:41
Mark,4,Present,2025-03-16 14:18:41
Mark,4,Present,2025-03-16 14:18:41
Mark,4,Present,2025-03-16 14:18:42
Mark,4,Present,2025-03-16 14:18:42
Mark,4,Present,2025-03-16 14:18:42
Mark,4,Present,2025-03-16 14:18:42
Mark,4,Present,2025-03-16 14:18:42
Mark,4,Present,2025-03-16 14:18:42
Mark,4,Present,2025-03-16 14:18:42
Mark,4,Present,2025-03-16 14:18:42
Mark,4,Present,2025-03-16 14:18:42
Mark,4,Present,2025-03-16 14:18:42
Mark,4,Present,2025-03-16 14:18:42
Mark,4,Present,2025-03-16 14:18:42
Mark,4,Present,2025-03-16 14:18:43
