,Name,Roll,16-05-2025
0,David,1,A
1,John,2,A
2,Paul,3,A
3,Mark,4,A
4,James,5,A
5,Andrew,6,A
6,Scott,7,A
7,Steven,8,A
8,Robert,9,A
9,Stephen,10,A
10,William,11,A
11,Craig,12,A
12,Michael,13,A
13,Stuart,14,A
14,Christopher,15,A
15,Alan,16,A
16,Colin,17,A
17,Brian,18,A
18,Kevin,19,A
19,Gary,20,A
20,Richard,21,A
21,Derek,22,A
22,Martin,23,A
23,Thomas,24,A
24,Neil,25,A
25,Barry,26,A
26,Ian,27,A
27,Jason,28,A
28,Iain,29,A
29,Gordon,30,A
30,Alexander,31,A
31,Graeme,32,A
32,Peter,33,A
33,Darren,34,A
34,Graham,35,A
35,George,36,A
36,Kenneth,37,A
37,Allan,38,A
38,Simon,39,A
39,Douglas,40,A
40,Keith,41,A
41,Lee,42,A
42,Anthony,43,A
43,Grant,44,A
44,Ross,45,A
45,Jonathan,46,A
46,Gavin,47,A
47,Nicholas,48,A
48,Joseph,49,A
49,Stewart,50,A
50,Daniel,51,A
51,Edward,52,A
52,Matthew,53,A
53,Donald,54,A
54,Fraser,55,A
55,Garry,56,A
56,Malcolm,57,A
57,Charles,58,A
58,Duncan,59,A
59,Alistair,60,A
60,Raymond,61,A
61,Philip,62,A
62,Ronald,63,A
63,Ewan,64,A
64,Ryan,65,A
65,Francis,66,A
66,Bruce,67,A
67,Patrick,68,A
68,Alastair,69,A
69,Bryan,70,A
70,Marc,71,A
71,Jamie,72,A
72,Hugh,73,A
73,Euan,74,A
74,Gerard,75,A
75,Sean,76,A
76,Wayne,77,A
77,Adam,78,A
78,Calum,79,A
79,Alasdair,80,A
80,Robin,81,A
81,Greig,82,A
82,Angus,83,A
83,Russell,84,A
84,Cameron,85,A
85,Roderick,86,A
86,Norman,87,A
87,Murray,88,A
88,Gareth,89,A
89,Dean,90,A
90,Eric,91,A
91,Adrian,92,A
92,Gregor,93,A
93,Samuel,94,A
94,Gerald,95,A
95,Henry,96,A
96,Justin,97,A
97,Benjamin,98,A
98,Shaun,99,A
99,Callum,100,A
100,Campbell,101,A
101,Frank,102,A
102,Roy,103,A
103,Timothy,104,A
104,Glen,105,A
105,Marcus,106,A
106,Hamish,107,A
107,Niall,108,A
108,Barrie,109,A
109,Liam,110,A
110,Brendan,111,A
111,Terence,112,A
112,Greg,113,A
113,Leslie,114,A
114,Lindsay,115,A
115,Trevor,116,A
116,Vincent,117,A
117,Christian,118,A
118,Lewis,119,A
119,Rory,120,A
120,Antony,121,A
121,Fergus,122,A
122,Roger,123,A
123,Arthur,124,A
124,Dominic,125,A
125,Ewen,126,A
126,Jon,127,A
127,Owen,128,A
128,Gregory,129,A
129,Jeffrey,130,A
130,Terry,131,A
131,Damian,132,A
132,Geoffrey,133,A
133,Harry,134,A
134,Walter,135,A
135,Bernard,136,A
136,Desmond,137,A
137,Jack,138,A
138,Aaron,139,A
139,Archibald,140,A
140,Blair,141,A
141,Jeremy,142,A
142,Nathan,143,A
143,Alister,144,A
144,Dale,145,A
145,Dylan,146,A
146,Glenn,147,A
147,Julian,148,A
148,Leon,149,A
149,Allen,150,A
150,Martyn,151,A
151,Nigel,152,A
152,Alisdair,153,A
153,Denis,154,A
154,Drew,155,A
155,Evan,156,A
156,Phillip,157,A
157,Frazer,158,A
158,Guy,159,A
159,Laurence,160,A
160,Lawrence,161,A
161,Magnus,162,A
162,Crawford,163,A
163,Finlay,164,A
164,Frederick,165,A
165,Gregg,166,A
166,Karl,167,A
167,Kerr,168,A
168,Mohammed,169,A
169,Rodney,170,A
170,Victor,171,A
171,Carl,172,A
172,Daryl,173,A
173,Don,174,A
174,Edwin,175,A
175,Erik,176,A
176,Grahame,177,A
177,Ivan,178,A
178,Kyle,179,A
179,Leigh,180,A
180,Lorne,181,A
181,Maurice,182,A
182,Murdo,183,A
183,Nicolas,184,A
184,Steve,185,A
185,Allister,186,A
186,Clark,187,A
187,Darran,188,A
188,Dennis,189,A
189,Elliot,190,A
190,Leonard,191,A
191,Nairn,192,A
192,Scot,193,A
193,Stefan,194,A
194,Toby,195,A
195,Warren,196,A
196,Billy,197,A
197,Clive,198,A
198,Damien,199,A
199,Louis,200,A
200,Mohammad,201,A
201,Neill,202,A
202,Noel,203,A
203,Ralph,204,A
204,Sandy,205,A
205,Albert,206,A
206,Alun,207,A
207,Brett,208,A
208,Clifford,209,A
209,Eoin,210,A
210,Glyn,211,A
211,Imran,212,A
212,Ivor,213,A
213,Johnathan,214,A
214,Kevan,215,A
215,Neal,216,A
216,Oliver,217,A
217,Robbie,218,A
218,Roland,219,A
219,Stanley,220,A
220,Aidan,221,A
221,Antonio,222,A
222,Austin,223,A
223,Bradley,224,A
224,Cornelius,225,A
225,Darrin,226,A
226,Derrick,227,A
227,Innes,228,A
228,Kristian,229,A
229,Lachlan,230,A
230,Mathew,231,A
231,Moray,232,A
232,Nicol,233,A
233,Shane,234,A
234,Tony,235,A
235,Brent,236,A
236,Findlay,237,A
237,Forbes,238,A
238,Gilbert,239,A
239,Giles,240,A
240,Jay,241,A
241,Kelvin,242,A
242,Leighton,243,A
243,Marco,244,A
244,Omar,245,A
245,Roddy,246,A
246,Tom,247,A
247,Abdul,248,A
248,Alfred,249,A
249,Alick,250,A
250,Ashley,251,A
251,Bryce,252,A
252,Conrad,253,A
253,Darryl,254,A
254,Eugene,255,A
255,Harold,256,A
256,Harvey,257,A
257,Hector,258,A
258,Jody,259,A
259,Kieran,260,A
260,Kirk,261,A
261,Kris,262,A
262,Marshall,263,A
263,Muhammad,264,A
264,Ramsay,265,A
265,Ray,266,A
266,Rodger,267,A
267,Seumas,268,A
268,Tommy,269,A
269,Wai,270,A
270,Alex,271,A
271,Ali,272,A
272,Andrea,273,A
273,Archie,274,A
274,Daren,275,A
275,Derick,276,A
276,Gideon,277,A
277,Jan,278,A
278,Juan,279,A
279,Kerry,280,A
280,Kieron,281,A
281,Luke,282,A
282,Lyall,283,A
283,Manus,284,A
284,Marvin,285,A
285,Morgan,286,A
286,Muir,287,A
287,Myles,288,A
288,Ronnie,289,A
289,Rowan,290,A
290,Rupert,291,A
291,Spencer,292,A
292,Stephan,293,A
293,Struan,294,A
294,Torquil,295,A
295,Wallace,296,A
296,Aftab,297,A
297,Alain,298,A
298,Alec,299,A
299,Alvin,300,A
300,Anton,301,A
301,Arran,302,A
302,Arron,303,A
303,Austen,304,A
304,Aynsley,305,A
305,Benedict,306,A
306,Chad,307,A
307,Chun,308,A
308,Clarke,309,A
309,Damon,310,A
310,Danny,311,A
311,Darron,312,A
312,Declan,313,A
313,Deryck,314,A
314,Edmond,315,A
315,Edmund,316,A
316,Jacob,317,A
317,Johnston,318,A
318,Keiron,319,A
319,Kennedy,320,A
320,Khalil,321,A
321,Kristofer,322,A
322,Laurie,323,A
323,Lloyd,324,A
324,Mario,325,A
325,Max,326,A
326,Maxwell,327,A
327,Mitchell,328,A
328,Morris,329,A
329,Nathaniel,330,A
330,Naveed,331,A
331,Neville,332,A
332,Nickolas,333,A
333,Piers,334,A
334,Quentin,335,A
335,Rennie,336,A
336,Reuben,337,A
337,Riccardo,338,A
338,Roberto,339,A
339,Ruaraidh,340,A
340,Ruaridh,341,A
341,Stefano,342,A
342,Symon,343,A
343,Tobias,344,A
344,Todd,345,A
345,Abid,346,A
346,Adnan,347,A
347,Aeneas,348,A
348,Aiden,349,A
349,Ainslie,350,A
350,Ajay,351,A
351,Alessandro,352,A
352,Alyn,353,A
353,Anderson,354,A
354,Andre,355,A
355,Ashok,356,A
356,Asif,357,A
357,Atholl,358,A
358,Bjorn,359,A
359,Brandon,360,A
360,Brydon,361,A
361,Bryn,362,A
362,Caine,363,A
363,Calvin,364,A
364,Carlo,365,A
365,Ceri,366,A
366,Chris,367,A
367,Christien,368,A
368,Claudio,369,A
369,Clayton,370,A
370,Clint,371,A
371,Connell,372,A
372,Cyril,373,A
373,Damion,374,A
374,Darin,375,A
375,Dario,376,A
376,Darroch,377,A
377,Deryk,378,A
378,Dirk,379,A
379,Donovan,380,A
380,Dustin,381,A
381,Eamonn,382,A
382,Edgar,383,A
383,Elliott,384,A
384,Elton,385,A
385,Emlyn,386,A
386,Eoghan,387,A
387,Erlend,388,A
388,Farooq,389,A
389,Garth,390,A
390,Geoff,391,A
391,Gerrard,392,A
392,Gerry,393,A
393,Giancarlo,394,A
394,Gidon,395,A
395,Grierson,396,A
396,Hamilton,397,A
397,Hans,398,A
398,Hendry,399,A
399,Howard,400,A
400,Irvine,401,A
401,Jaimie,402,A
402,Jarad,403,A
403,Jayson,404,A
404,Jean,405,A
405,Jeff,406,A
406,Jerome,407,A
407,Joel,408,A
408,Jude,409,A
409,Kane,410,A
410,Karan,411,A
411,Karim,412,A
412,Kashif,413,A
413,Keiran,414,A
414,Kendon,415,A
415,Kent,416,A
416,Kwok,417,A
417,Laith,418,A
418,Lauchlan,419,A
419,Leo,420,A
420,Leyton,421,A
421,Lindsey,422,A
422,Logan,423,A
423,Lorn,424,A
424,Lyle,425,A
425,Mason,426,A
426,Mervyn,427,A
427,Michel,428,A
428,Mubarak,429,A
429,Mungo,430,A
430,Murdoch,431,A
431,Nathanael,432,A
432,Neall,433,A
433,Nickie,434,A
434,Nicky,435,A
435,Nikki,436,A
436,Nikolas,437,A
437,Paolo,438,A
438,Perry,439,A
439,Ranald,440,A
440,Rehan,441,A
441,Ricky,442,A
442,Rikki,443,A
443,Ritchie,444,A
444,Rizwan,445,A
445,Robertson,446,A
446,Roderic,447,A
447,Rolf,448,A
448,Ronan,449,A
449,Rowland,450,A
450,Sam,451,A
451,Scotland,452,A
452,Seth,453,A
453,Shahid,454,A
454,Shakeel,455,A
455,Sidney,456,A
456,Sinclair,457,A
457,Sonny,458,A
458,Taylor,459,A
459,Tin,460,A
460,Tomas,461,A
461,Travis,462,A
462,Tristan,463,A
463,Vernon,464,A
464,Vince,465,A
465,Waheed,466,A
466,Waseem,467,A
467,Wei,468,A
468,Wilson,469,A
469,Yan,470,A
470,Zak,471,A
471,Aamir,472,A
472,Abdullahi,473,A
473,Abdulrazak,474,A
474,Abraham,475,A
475,Adebayo,476,A
476,Adel,477,A
477,Adrain,478,A
478,Adriano,479,A
479,Ahmad,480,A
480,Ahmed,481,A
481,Aidon,482,A
482,Ajeet,483,A
483,Al-Motamid,484,A
484,Alaistair,485,A
485,Alberto,486,A
486,Aldo,487,A
487,Aldous,488,A
488,Alen,489,A
489,Alexandre,490,A
490,Alfredo,491,A
491,Alisteir,492,A
492,Allon,493,A
493,Alton,494,A
494,Alwyn,495,A
495,Aman,496,A
496,Amanda,497,A
497,Amato,498,A
498,Amir,499,A
499,Amit,500,A
500,Amitabha,501,A
501,Amos,502,A
502,Anand,503,A
503,Anant,504,A
504,Anastasi,505,A
505,Anastasio,506,A
506,Anastasios,507,A
507,Andres,508,A
508,Angel,509,A
509,Angelo,510,A
510,Anil,511,A
511,Anjam,512,A
512,Anjum,513,A
513,Ann,514,A
514,Antonius,515,A
515,Anwar,516,A
516,Aonghas,517,A
517,Aonghus,518,A
518,Aqif,519,A
519,Ardene,520,A
520,Ardle,521,A
521,Ari,522,A
522,Arif,523,A
523,Arlyn,524,A
